0,Kesini dengan teman-teman komunitas fotografer untuk hunting foto. Tempatnya sangat bagus. Banyak kapal kapal phinisi untuk jadi latar maupun objek foto. Sedikit masukan saja agar sampah dapat dikelola dengan baik. Agar lautnya tetap bersih dan nyaman dipandang. 
1,"Pelabuhan lokal di kota makassar, menjadi salah satu cara untuk menyeberang ke pulau kecil di area sulsel. Harus ditingkatkan kesadaran masyarakat mengenai kebersihan area"
2,"Mengunjungi Pelabuhan Paotere merupakan kenikmatan tersendiri, disamping baunya yang khas (amis...hahaha) dan sampah yang bertumpuk di berbagai tempat. Pelabuhan ini cukup ramai dengan kapal-kapal nelayan dan penumpang yang akan membawa ke pulau-pulau kecil di Laut Sulawesi. Pemandangan yang tak kalah menarik adalah masih adanya truk-truk tua yang masih berfungsi dan berkenalan dengan tukang kapal yang ramah. pelabuhan sangat bagus untuk objek fotografi. Jika tidak mau berpanas-panasan dan mencium bau, sebaiknya anda tidak usah kemari."
3,Pelabuhan rakyat Paotere adalah dermaga yang sudah berfungsi sejak jaman kolonial dan hingga kini masih berfungsi baik
4,"tempat pusat pelelangan ikan di makassar....hasil laut melimpah di sini, belinya mesti kiloan....cumi udang kepiting dan seafood lainnya. juga pelabuhan untuk penumpang di sisi lainnya."
5,"tempat ini satu satunya pelabuhan tertua di Sulawesi selatan Makassar untuk galangan kapal untuk berlabuh,berjualan,DLL."
6,"paotere merupakan pelabuhan rakyat dan merupakan tempat pendaratan ikan terbesar di kota Makassar, sebagai tempat pendaratan ikan terbesar dan pelelangan ikan, maka paoere merupakan tempat belanja ikan murah dan fresh bagi penjual ikan di pasar-pasar serta para pengusaha restaurant. ikan-2 yang fresh, tetapi kalo anda hanya mau membeli untuk konsumsi keluarga kecil kurang cocok, karena ikan-ikan biasa dijual per bakul"
7,"Di dekat pelabuhan ini, ada tempat pelelangan yg langsung dari nelayan alias tangan pertama....hargax lumayan lebih murahhh daripada harga pasar. ğŸ‘ğŸ‘ğŸ‘ Tapi belinya kiloan, minimal 1/2 kilo kalo ga salah....pokonya recommended!!!"
8,Pelabuhan ini agak kurang terawat. ada banyak sekali kapal yang bersandar di pelabuhan rakyat ini. Jalanan menuju ke pelabuhan ini sangat sempit dan rusak.
9,Tempat pengiriman barang dengan kapal Laut jenis Fery. Menjadi tempat yang bagus untuk mengejar sunset untuk photographer.
0,Pelabuhan Paotere memberikan kita suguhan pemandangan perahu yg berjejeran dengan segala aktivitas nelayannya. Tempat ini sangat cocok untuk yang hobi dengan fotografi
1,"Pelabuhan ini memiliki keunikan, apalagi kalau datang di saat pagi dan sore hari. Pagi hari biasanya banyak yang datang untuk sekedar melihat pemandangan laut saat matahari terbit. Sedangkan sore hari, bagian barat pelabuhan ini adalah tempat yg sangat sempurna untuk menangkap matahari terbenam.Anak-anak paling sering bermain bola di sekitar pelabuhan. Sementara para buruh bekerja dan lainnya ada juga yang menikmati kopi sore.Kapal yang berlabuh di pelabuhan jni berasal dari berbagai daerah, baik sulawesi selatan sendiri dan juga dari berbagai provinsi lain di kawasan timur indonesia. Maka tak jarang kalau ke pelabuhan ini kita bisa menemui banyak dialeg dan bahasa yang berbeda-beda."
2,klau pengen liat tranportasi jaman dulu disini ni tempatnya.banyak kapal Finisi yang bongkar muat di sini
3,Mungkin di bayangan anda transportasi laut hanyalah kapal2 besi bermesin besar dan dapat mengangkut ribuan orang.Pikiran itu sebaiknya anda simpan dulu. Karena di Sulawesi Selatan terdapat kapal2 kayu yang dijadikan alat transportasi laut dari jaman dulu hingga sekarang.Kapal2 ini memiliki kemampuan menganrungi samudera dengan muatan berton-ton.Fisiknya 99% dari kayu. Kapal2 ini dulunya hanya menggunakan layar sebagai tenaga. Namun kini telah dilengkapi mesin sehingga layar menjadi tenaga pendukung saja.Menyaksikan fisiknya anda akan dibuat geleng2 kepala. Jika ingin melihat langsung datanglah ke Makassar
4,"Di pelabuhan ini sy masih bisa melihat truk tuaa.. yg dlm ingatan sy, truk itu sdh eksis pd saat sy TK. Udah 30 tahun lalu, tp truk itu msh ada ğŸ˜‚Di pelabuhan ini, kita jg bs melihat kapal2 yg sedang sandar. Tp untuk ukuran kebersihan.. hmm.. masih kuraaang.. "
5,"Pelabuhan tradisional dengan kapal dari kayu, bisa lihat aktivitas naik turun barang masih caranya manual...untuk masuk ada karcis, 10.000 rp untuk orang turis asing, cuma 2.000 rp untuk orang indonesia"
6,"Pelabuhan Paotere merupakan pasar ikan terbesar di kota Makassar, disini kita bisa mendapatkan ikan segar dengan segalah jenis yg di inginkan...hasil tangkapan para nelayan berlabu di Pelabuhan ini...paling keren momenya waktu subuh menjelang pagi"
7,"Jika Jakarta punya Sunda Kelapa, maka kota Makassar punya Paotere. Fungsinya hampir sama dengan Sunda Kelapa. Paotere ini juga merupakan pelabuhan lama yang masih digunakan untuk sandar kapal2 nelayan. Di sini juga kadang masih dijual ikan2 segar dan ikan asin. Jadi baunya jangan ditanya ya ğŸ˜ŠMeskipun demikian, paotere mempunyai spot2 foto yang sangat unik dan instagramable lho. Coba deh kalian foto2 di sini saat hari cerah dengan warna baju yang cerah juga. ğŸ˜‰"
8,"Saat berkunjung ke kota tertentu, tempat seperti apa yang akan anda kunjungi? Saat ke Makassar dan ingin benar-benar menyelami kota ini, cobalah mengunjungi pelabuhan Potere. Di tempat ini berjajar puluhan kapan phinisi yang menjadi kebanggaan suku bugis. Saran saya, datanglah di waktu matahari terbit atau saat matahari tenggelam. Momen ini bisa menambah indah suasana dan cantik di hasil foto jepretan anda. Oh iya, saat mengunjungi tempat ini saya mengendarai motor jadi bisa lebih fleksible melewati jalanan yang tidak cukup lebar dan sangat membantu menorobos kemacetan.Jika tidak punya kendaraan, menggunakan jasa kendaraan online seperti gojek atau grab bike juga bisa menjadi alternatif. Tapi jangan lupa untuk menjelaskan dengan pasti lokasi tujuan anda. Ada beberapa pelabuhan dan dermaga yang bisa mengecoh. Teman saya sendiri yang asli Makassar dan memesan ojek online bisa kesasar. Stay safe and enjoy Makassar ;)"
9,Letaknya tidak jauh dari jalan tol juga mudah dicapai dari Pantai Losari. Pelabuhan Paotere menarik karena di sini banyak kapal tradisional dan aktivitas nelayan. Selain itu anda juga bisa menikmati sunset di pelabuhan ini.
0,Paotere merupakan pelabuhan Kota Makassar. Pelabuhan ini dipenuhi Kapal Pinisi serta kapal kapal lainnya yang berjajar indah. Bagi fotographer maupun pelukis obyek ini sangat layak untuk dikunjungi.
1,"Letaknya di paotere dekat dengan tempat pelelangan ikan, disini kita bisa melihat perahu kayu dengan ukuran besar. Dengan segala aktivitas nelayannya."
2,"Pelabuhan ini adalah pelabuhan tradisional yang berisi kapal-kapal nelayan tradisional, dengan lambung kayu. Cocok bila Anda orang yang suka berpetualang ke tempat-tempat kecil yang unik, untuk sekedar mampir sejenak untuk menatap laut dan berkontemplasi. Tidak banyak sarana penunjang seperti tempat makan, toilet bersih, atau sejenisnya, masih perlu pengembangan dari pemerintah setempat - jadi tidak disarankan untuk kunjungan keluarga apalagi dengan anak kecil. Namun demikian, bila Anda jalan sendiri atau ingin berpetualang, mampir sejenak ke sini tidak ada salahnya. Di dekat pelabuhan ini juga ada beberapa restoran seafood yang lumayan, juga ada tempat pelelangan ikan yang menarik."
3,Pelabuhan yang panas dan bukan tempat wisata. Orang yang kesini kemungkinan untuk makan masakan laut yang masih fresh yang restaurannya banyak terdapat dipinggir pantainya
4,"Kebutulan pagi-pagi sudah sampai disini, kita bisa melihat transaksi jual beli ikan segar dari nelayan langsung. Dipelabuhan ini kita bisa melihat kapal-kapal nelayan yang ukurannya lumayan besar, seperti kapal pinisi. Tempat ini pas banget buat foto-foto dengan latar perahu pinisi."
5,"Dalam bahasa Makassar, Paotere berarti pulang kembali yang secara menyeluruh diartikan sebagai tempat kembalinya orang orang Makassar dari melaut ataupun merantau #CMIIW.Paotere merupakan pelabuhan kapal nelayan yang sangat epic dimana kita bisa melihat puluhan bahkan ratusan kapal Phinisi (kapal tradisional suku Bugis Makassar) bersandar setiap harinya.Paotere berada di jalan galangan kapal sekitar 15-30 menit dari pusat kota Makassar.Untuk masuk ke pelabuhan ini tidak dipungut biaya dan kita bisa bebas untuk menikmati keindahan matahari terbenam, memancing atau hanya berfoto."
6,"Sulawesi Selatan identik dengan pinisi dan pembuatan pinisi juga ada di sulsel , baginyang cinta bahari gak salah mengunjungi pelabuhan paotere disana banyak sekali perahu pinisi melakukan aktifitas nya bongkar muat untuk berlayar ke penjuru pelosok negeri"
7,"Jika kamu ingin melihat kapal nelayan yg cukup besar di sinilah tempatnya. Banyak juga perahu yg dimanfaatkan untuk para pelancong mengunjungi beberapa pulau di daerah Makassar. nah untuk kamu yg juga ingin mencari seafood, dis sinilah tempatnya, tapi yg masih mentahan ho , buat dioalh lagi di rumah. di sini jauh lebih murah harganya. Mungkin krn langsung dari nelayannya. Pelabuhan yg terbilang bersih, namun jalan menuju ke sana jauh dari kata bersih, mungkin karena penduduknya yg sudah cukup padat."
8,"Salah satu pelabuhan yang sangat penting dan sibuk, karena ini adalah pusat aktivitas sebagian besawarga kepulauan spermonde, mulai dari menjual hasil tangkapan nelayan sampai jalur distribusi barang keperluan warga...dan juga merupakan pelabuhan angkutan warga pulau "
9,Tempat wisata ini cukup menjadi pilihan Alternatif jika berkunjung ke Kota Makassar. Waktu pagi dan Sore sangat Pas jika berkunjung ke tempat ini. Udara cukup sejuk jika berkunjung di waktu tsb. Sayang nya sudah jarang di temui Kapal Legenda Phinisi ada di pelabuhan ini. Pas saya berkunjung kesana saya tidak melihat Kapal Legenda Tsb. Cukup menjadi pilihan Alternatif wisata jika berkunjung ke tempat ini.
0,"Paotere Harbour adalah pelabuhan bersejarah yg dulu digunakan Kerajaan Gowa-Tallo memberangkatkan 200 phinisi ke Malaka.Saya membayangkan inilah tempat yg membuat Negri kita menyebut ""Nenek Moyangku seorang pelaut"".Sebuah tempat dimana semua kapal kebanggaan kita berlabuh.Jarak Paotere Harbour dari Kota Makasar sekitar 5 km. Paotere Harbour terletak di Ujung Tanah.Happy Traveling! "
1,Keadaan pelabuhan /pelelangan paotere sgt padat berjubel .penjual pembeli saling bertabrakan .sehingga tidak jelas mana jalanan mana tempat berjualan aluas kocar kacir deh
2,"Lokasi tidak terlalu jauh, dan bisa menikmati bagian sejarah kota Makassar/pulau Sulawesi. Bisa melihat berbagai kapal phinisi yang siap mengangkut barang untuk diantar ke pulau-pulau di Sulawesi. "
3,Pelabuhan Paotere terkenal sebagai pelabuhan tradisional yang telah menjadi salah satu pusat kegiatan perekonomian di Makassar. Pelabuhan ini merupakan tempat berlabuhnya kapal-kapal pinisi yang mengangkut barang-barang yang akan dibawa ke pulau-pulau lainnya yang ada di Sulawesi Selatan maupun di luar Sulawesi Selatan.
4,"Pelabuhan dengan dominasi kapal-kapal kayu. Jika anda punya hoby fotografi maka jangan lewatkan tempat ini. Anda bisa berdialog dengan pekerja disana, dan menikmati berbagai model kapal kayu."
5,Ikann.... bener2 banyak ikan ada di PPI Paotere yg sebelahan dengan Pelabuhan Paotere. Buat yg mau beli ikan beli lah murah bgt. Bandeng disini sizenya top markotop.
6,"keunikan tempat ini adalah saya bisa melihat aktivitas nelayan dalam bongkar muat ikan hasil tangkapannya, kemudian dijual ke pedagang lainnya dalam jumlah besar dan tawar menawar pun terjadi. Senang melihat ikan ikan segar yang sudah di kelompokkan berdasarkan jenisnya. Kita juga bisa membeli berbagai jenis ikan dan tangkapan laut lainnya disana, meskipun hanya dalam jumlah kecil. Banyak kapal nelayan disana dan ini menjadi pemandangan tersendiri. Sayangnya tempatnya tidak bersih dan seperti pada umumnya pasar ikan, banyak lalat dimana-mana. kalau mau dapat pemandangan bagus, bisa berjalan ke area pemukiman nelayan dimana banyak perahu tertambat dekat rumah apung. Pemandangannya lumayan bagus apalagi sore hari. Dekat tempat pelelangan ikan juga terdapat beberapa restoran seafood yang sudah buka dari pagi."
7,"Pelabuhan Nelayan atau di Makassar di kenal dengal Paotere, merupakan pelabuhan tempat bongkar hasil tangkapan ikan nelayan. sebenarnya tempat ini cukup baik karena kalau sobat ikan mendapatkan ikan dengan kualitas bagus dan harga murah serta dari berbagai jenis cukup datang di tempat ini, cuma sayang Pelabuhan ini tidak ditata dengan baik sehingga masih meninggalkan kesan kotor, belum lagi belum tertata parkir sehingga agak menyusahkan bagi kalian yang datang dengan menggunakan roda 4"
8,Paotere adalah perabuhan perahu yang ada di makassar.Pelabuhan ini merupakan peninggalan kerajaan tempo dahulu. DI pelabuhan ini banyak dijumpai perahu perahu phinisi
9,Pelabuhan rakyat ini merupakan pelabuhan di sebelah utara kota makassar..banyak kapal atau perahu yang menuju ke pulau pulau pangkep dan sekitarnya. Ikan juga murah disini karena terdapat pelelangan ikan.
0,"Mau makan ikan bakar murah dan langsung memilih ikannya langsung dari nelayan, dan dijamin segar-segar? Disini tempatnya!"
1,"Makang ikang di sinilah tempat yang tepat. Berada tak jauh dari pelabuhan Makassar. Menyajikan aneka penganan laut yang dibakar. Karena dekat laut, semua bahan disajikan dengna segar. Waktu terbaik menikmati seafood di sini adalah saat petang menjelang malam. "
2,"Saya mengunjungi pelabuhan ini waktu bersepeda di pagi hari. Pada dasarnya tidak banyak yang bisa dilakukan di tempat ini selain mengambil beberapa gambar. Apabila Anda tertarik dengan kapal dan perikanan, Anda bisa bertanya kepada beberapa nelayan di lokasi."
3,"Terkadang kalau ada cara kantor, tempat ini jadi pilihan favorit. Selain pilihan seafod yang banyak dan segar, lokasi yang berada di pelabuhan juga membuat kesan tersendiri. Kami lebih memilih makan di lantai dua karena view nya lebih tampak dibanding di lantai bawah yang lebih banyak tertutup kendaraan."
4,"Terletak di Sisi Utara kota Makassar tidak jauh dengan Pelabuhan Angkatan Laut, disinilah aktivitas buat perahu nelayan dan pelayaran Tradisional menuju pulau disekitar Sulawesi Selatan bahkan hingga ke Nusa Tenggara. Pemandangannya sangat menarik apalagi di Pagi Hari yang bisa menghasilkan Foto menarik di balik Ratusan Kapal Khas Sulawesi Selatan yang terkenal"
5,"Pelabuhan Paotere atau demaga paotere ini adalah salah satu tempat transitnya kapal dagang dan pesiar antar pulau dan negara asing. Selain tempat transit, paotere juga sering dikunjungi oleh beberapa warga untuk senam, memancing, dan juga tempat yang sangat bagus untuk orang yang sedang galau... seperti saya."
6,"Sudah menjadi langganan bagi pencari gambar bila berada di Makassar.Lokasinya agak jauh dari kota.Sarannya, dari bandara bisa langsung mengambil angkot jurusan tol (langsung bilang aja diturunkan di Paotere).Setelah melewati pasar tradisional Paotere, masih harus berjalan kaki sekitar 500meter.Waktu terbaik ada di pagi/subuh saat kegiatan bongkar muat barang dan lainnya akan dimulai.Mari berburu foto!!"
7,"Pelabuhan Paotere telah dijadikan sebagai kawasan pariwisata dikarenakan mampu mampu menarik wistawanuntuk berkunjung ke pelabuhan ini. Untuk mereliasasikan ini, PEMKOT Makassar akan melakukan penataan dermaga yang lebih baik, dengan menambahan luasan dermaga sehingga kapal kapal yang bersnadar di Plebuhan Paotere akan tertata lebih baik sehingga.Paotere akan tetap di fungsikan menjadi pelabuhan rakyat dalam melayani kapal kapal kecil dan tradisonala lainnya. Selain terkenal dengan bongkar muat hasil tangkapan ikannya, Pelabuhan Paotere dikenal dengan beberapa makanan khasnya seperti ikan bakar dengan sambal cobe cobe. Sambal cobe cobe merupakan sambal khas Makassar."
8,saya suka kearea ini apalagi untuk berbelanja ikan..sangat murah Dan banyak Varian tapi kita harus pintar untuk menawar Dan kalo bisa bawa kantong kresek Dari rumah
9,"kalau mau melihat kapal pinisi tempat ini menjadi salah satu pusatnya, dan cocok bagi penggemar fotografi. sayangnya untuk memasuki pelabuhan ini jalannya cukup padat dan ada beberapa yang rusak"
0,"Perahu traditional Makassar 'Pinisi' di sepanjang pelabuhan di sore hari, sedangkan kegiatan bongkar muat berlangsung di pagi hari. Debu dan panas sedikit mengurangi wisata di daerah ini"
1,"Pelabuhan Paotere adalah pelabuhan kapal-kapal pelayaran rakyat. Puluhan phinisi, baik yangberukuran besar maupun kecil  terlihat di pelabuhan ini. Pelabuhan Paotere ini memiliki riwayat sejarah yang cukup panjang dan menarik, sehingga terkadang menjadi obyek kunjungan wisata bagi wisatawan. Sayangnya, kondisi pelabuhan kurang tertata dengan baik. Air laut di sekitar dermaga tampak begitu kotor karena menjadi muara kanal dari dalam kota."
2,"Di pelabuhan tua ini kita dapat melihat melihat alam pinisi asli makassar, untuk objek foto sangat bagus dan disini juga kita dapat makan seafood langsung dari nelayan sambil menikmati pelabuhan tua ini"
3,"Agak sulit bagi saya untuk menikmati pelabuhan ini. Akses ke situ memang mudah, karena ada jalan toll. Namun, rasanya sulit untuk menikmati sisi indah dari pelabuhan ini karena tidak ada ruang tertentu yang dirancang bagi pelancong. Yang menghibur adalah ada restoran hidangan laut yang terkenal di situ."
4,"Lokasinya pelabuhan ini yang masih di kota makassar, persisnya di daerah gusung. Di pelabuhan ini sangat luas dimana kita bisa melihat kapal kayu dan aktivitas pelaut yang bongkar muat secara tradisional, pelabuhan ini bersih dengan pemandangan kapal kayu yang spektakuler, mengingatkan kita tentang kejayaan pelaut bugis makassar dimasa lampau"
5,"ikan masih segar, harga murah, bisa jalan2 lihat perahu nelayan yang baru datang, nyobain ikan langsung dibakar, ikan bisa langsung dibersihkan dan dipaking dan dibawa naik pesawat ...cuma kadang2 parkirnya agak susah, karena rame banget"
6,"Tidak lengkap rasanya bila berkunjung ke Makassar tapi tidak menikmati lezatnya ikan bakar.  Apabila kita ingin mendapatkan ikan yang benar-benar segar kita bisa langsung datang ke Pelabuhan Paotere. Pelabuhan Paotere merupakan salah satu pelabuhan di Kota ini yang menjadi pelabuhan tempat pelelangan ikan. Kita bisa mendapatkan berbagai jenis ikan di sini dengan harga yang jauh lebih murah dibandingkan dengan di tempat lain.Setelah membeli ikan kita juga bisa membawa ke rumah makan yang berada di sekitar pelabuhan ini untuk dimasak, jadinya kita bisa langsung menyantap hidangan ikan yang masih segar.kendala di kawasan pelabuhan Paotere ini adalah jalan yang sempit dan tempat parkir yang juga terbatas."
7,"ditempat ini terdapat kapal-kapal pinisi yang bersandar seharusnya pemerintah membuat tempat ini sebagai salah satu destinasi wisata yang diandalkan di makassar dengan cara mempercantik pelabuhan ini, harus dibuat pelabuhan yang cocok dengan nuansa jaman dahulu"
8,"Pelabuhan paotere adalah pelabuhan kapal nelayan yg melayani pulau2 sekitar, dan ada yang kapal besar(kayu) belayar ke surabaya dan jakarta,yg uniik nya di pelabuhan ini.truck 2 pengirim barang adalah truk toyota yang sudah zaman dulu sekali.yang disebut toyota Raksasa."
9,"Kawasan Pelabuhan Paotere ini terletak di sebelah utara Kota Makassar dan masih lumayan dekat jika ditempuh dari pusat kota dengan kendaraan roda empat atau dua. Saat yang paling tepat mengunjunginya adalah pada pagi hari dan sore hari. Bagi Anda yang memiliki kegemaran fotografi, kawasan ini sangat menjanjikan untuk mengabadikan jejeran perahu tradisional Sulawesi Selatan (phinisi dan lambo') yang dipakai untuk menjelahi wilayah timur Indonesia. Aktifitas bongkar muat barang juga akan menjadi pemandangan yang menarik bagi seorang jurnalis atau fotografer.Pemandangan serupa bisa ditemukan di Pelabuhan Muara Angke, Jakarta."
0,tempat ini adalah surganya ikan. kita bisa membeli ikan dalam jumlah banyak dengan harga miring karena kita bisa langsung membeli ikan dari nelayan yang pulang melaut. ikan yang ditawarkan sudah pasti segar (fresh from the sea) hahahaha tapi jika ingin berwisata sejarah kesini juga boleh.
1,suasana malam di pelabuhan paotere di mana suasana di sana ada tempat makan seperti kafe serta ada hiburan band band anak muda yang memainkan musiknya
2,"Awalnya ketika berkunjung ke Ujung Pandang (sekarang Makassar) sekilas yang menarik adalah Pantai Losari dan Trans Studi Mall nya yang terkenal. Tetapi ketika berkunjung ke Pelabuhan ini, saya tertarik untuk melihat dan menulis cerita ini. Pelabuhan ini merupakan salah satu tempat mata pencaharian masyarakat yang berada di sekitar pelabuhan dan salah satu gerbang jalur perdagangan. Sewaktu saya berkunjung kesana, saya dan teman-teman saya awalnya berniat untuk duduk minum kopi di salah satu warung kopi disana. Tetapi setelah dilihat-lihat dan diamati serta melakukan tanya jawab dengan penjual warung, saya heran, melihat orang datang-pergi keluar masuk di pelabuhan tersebut. ternyata sedang bongkar muatan bawang merah dari mataram. sehingga saya mendekat ke arah kapal phinisi yang merupakan kapal khas pelaut Kerajaan Gowa zaman dulu. kami melihat para nelayan sedang istrihat di dalam kapal tersebut. dan jika anda hobby photografer, keindahan siluet dsni mengagumkan. saya aja ampe tergila gila foto di deket kapal phinisi tersebut. tp sangat disayangkan pengelolaan sampah di daerah ini kurang terjaga. setelah dari tempat ini kami menghampiri tempat paotera yang laen, dsna anda bisa melihat matahari terbenam dengan indahnya. pokoknya recommended deh. oya di tempat ini juga, banyak muda mudi pacaran sambil melihat keindahan matahari serta kapal kapal yang berlabuh. jk anda hobby memancing, ditampat ini bisa ditemukan para pemancing dadakan yang rela berjam jaman bahkan hingga malam menunggu umpannya ditangkap ikan. oya lupa, kalo anda mau buang air kecil, di tempat ini agak susah mencari toilet, kecuali anda mau buang di laut. tp itu tidak disarankan, bisa jadi ada ikan yang iseng :p"
3,"Panas, itulah kesan pertama ketika kira berada di Pelabuhan Paotere. Tetapi itu semua akan terbayar lunas dengan indahnya pemandangan kapal khas makasar terkenal dengan sebutan kapal phinisi yang berjajar dengan rapi. Pelabuhan paotere adalah pelabuhan rakyat yang mempunyai nilai sejarah tersendiri bagi Kerajaan Gowa Tallo. Pelabuhan ini menjadi saksi bisu tentang sejarah bahari kota makasar."
4,"Pelabuhan Paotere dalah pelabuhan untuk kapal phinisi - kapal tradisional pelaut Bugis Makassar. Pelabuhan ini sangat sibuk di pagi hari - namun di sore hari sangat cantik saat matahari mulai tenggelam, siluet kapal-kapal phinisi dan pantulan matahari di air laut benar-benar pemandangan yang menakjubkan."
5,"Paotere Harbor merupakan pelabuhan yang ada di Makassar, kita dapat menikmati senja di Paotere harbour sambil menikmati makanan khas Makassar"
6,"disini anda akan menikmati serunya berpetualang dengan kapal mengarungi laut sekitar makassar, jangan lupa untuk mampir makan ikan bakar.."
7,"Melihat dan menikmati aktifitas para nelayan dipagi hari sungguh membuat hati serasa sangat berada di abad yang semua aktifitasnya dilakukan di atas perahu. hilir mudik para nelayan menjajakan hasil tangkapannya sangat indah sekali.Mohon tidak datang pada siang hari, karena pelabuhan rakyat ini cukup sepi dan terkadang sangat sepi."
8,"positif : melihat aktivitas kapal nelayan tradisional, bongkar muat, sangat menarik. bisa mencoba kuliner seafood yang segar dengan harga yang murahnegatif : belum dikelola secara profesional, tdk ada toilet umum"
9,"Jangan membayangkan kondisi pelabuhan ini bersih. Kondisinya jauh dari bersih dan banyak kotoran dimana-mana. Memiliki kemiripan dengan pelabuhan Sunda Kelapa, Jakarta. Secara umum tidak banyak yang dilihat disini. Hanya menarik untuk dipotret, terutama pada pagi hari saat para nelayan beraktifitas."
0,disini anda akan menemukan banyak sampah dan tempat ini tidak terawat yang positifnya anda akan menemukan pemandangan laut yang indah
1,"Mau tahu seperti apa aktivitas perdagangan zaman dulu? ke sini tempatnya. Lihat perahu phinisi berjejer, bagaimana barang dagangan naik dan turun dari kapal, suasana pelabuhan yang sangat tradisional dengan sarana yang minim dan bahasa Makassar terdengar dimana-mana."
2,"Pelabuhan Tradisional Paotere merupakan gerbang menuju pulau-pulau cantik di perairan Sulawesi Selatan.Ongkos sewa pesawat lumayan murah apalagi jika berangkat bersama rombongan.Dan sebagai pelabuhan milik rakyat, saya rasa pelabuhan ini harus tetap dipertahankan."
3,"Sebagai objek wisata, tempat ini tidak terwakili sama sekali. Kotor, bau dan tidak ada penanganan untuk tempat wisata. Pengunjung dikenakan bea katcis masuk sebesar 2000 rupiah tp tidak ada fasilitas yang tersedia. Yang menyenangkan dari tempat ini hanya dapat memperoleh backgtound foto yg cantik dengan deretan perahu kayu tradisional."
4,"Pelabuhan paotere saya menilai rata-rata karena cukup bagus, tetapi sedikit agak kotor. dan lumayan bagus dari segi pemandangan dan fasilitas - fasilitasnya yang ada."
5,luar biasa kapal pinisi ini dia bisa mengarungi dibeberapa kota2 besar di indonesia bahkan keluar negeri serta orang barat pun banyak yang yang membeli kapal ini
6,"Jalan masuk yang kecil, kotor, banyak dengan pedagang kaki lima dan gepeng, jorok"
7,Hal yang terlintas di kepala setiap mendengar kata 'Paotere' adalah ikan bakar dan beraneka ragam sea food. Makanan yang enak dengan harga yang terjangkau. Inilah yang jarang ditemui di tempat lain. Pengunjung juga diberi kesempatan untuk memiliki ikan yang hendak dihidangkan dengan aneka masakan sesuai pilihan masing2...That's very nice
8,"saya merasa sangat unik d tempat ini karena di tempat ini banyak terdapat kapal-kapal nelayan yang menjual ikan, dan melakukan transaksi,,,, pokokny asik banget dech"
9,"Wisata Budaya, Kuliner dan berbisnis , Kota Makassar terbuka dan bersahabat"
0,karena  kurangnya perhatian pemerintah untuk lebih menyediakan tempat dan sarana dan prasarana untuk lokasi tersebut
1,Tempat yang sangat ramai dengan orang-orang dari berbagai usia. Kita bisa melihat banyak kapal memuat bongkar-muat berbagai jenis barang dan makanan yang membawanya ke pulau lain. Kami melihat beberapa kapal tua yang terbuat dari kayu. Itu adalah pemandangan matahari terbenam yang indah dari pelabuhan.
2,"Pergi untuk kunjungan singkat. Harus naik perahu dan melihat bagian dalamnya. Bekerja dengan banyak pria pekerja keras! Tapi kami, sebagai orang asing adalah daya tarik yang lebih besar dari pada mereka haha."
3,"Dari sudut pandang tamasya, daya tarik di sini adalah melihat dari dekat kapal Pisini, kapal kayu tradisional Indonesia yang masih diproduksi."
4,Pelabuhan yang berfungsi dengan banyak perahu gaya lama yang masih berdagang di antara banyak pulau di Indonesia. Ada juga pelabuhan kontainer tetapi perahu gaya lama yang menarik untuk dilihat.
5,"Menarik untuk melihat semua kapal kargo. 20, 000 untuk masuk (seperti di mana-mana). Tidak layak perjalanan keluar tapi kami diundang di perahu untuk tur yang sangat baik. Semua objek wisata di Makassar yang (menurut saya). Baik tetapi tidak layak pergi keluar dari cara untuk melihat. Jika Anda memiliki waktu untuk menghabiskan di kota mengunjungi. Jika Anda dapat pergi langsung untuk tempat yang lebih menarik/indah maka saya sarankan anda lakukan."
6,Ini adalah hanya sebuah pelabuhan. Tidak ada yang istimewa dan saya tidak terlalu yakin mengapa akan pelabuhan ini menjadi objek wisata.
7,Pelabuhan Paotere adalah benar-benar menjadi saksi bisu masa lalu di Kerajaan Makassar saat kapal asing yang disebut di sini mencari rempah-rempah. Tapi sepertinya tidak ada yang peduli untuk mempertahankan dan menjaga kebersihan tempat. Ini adalah sayang sekali.
8,"Sedikit kacau di sekitar pelabuhan. Membayar 10, 000 biaya masuk untuk berjalan-jalan. Sebagian besar orang-orang dan anak-anak yang sangat ramah. Kami pergi di atas kapal kapal untuk melihat juga. Itu cukup sebuah kunjungan organik. Beberapa bagian yang sangat kotor tapi itulah yang diharapkan. Bisa mendapatkan gambar yang bagus pada hari yang cerah atau saat matahari terbenam. Pasti akan merekomendasikan."
9,"Itu memberi kami sebuah pelabuhan tua tradisional untuk ""Phinisi"" kapal (kapal tradisional og Buginesse) juga ada restoran makanan laut dengan resep tradisional dari Buginesse."
0,"Hati-hati dengan biaya parkir, Ini 10. 000 untuk satu mobil. Ini tidak dapat diterima. Saya sudah membayar di pintu gerbang dengan orang yang resmi."
1,"Tempat yang bagus untuk berkeliaran di sekitar dan melihat aktivitas. Ini bisa menjadi sangat kotor, jadi bersiaplah Bagus untuk melihat kapal besar, pendaratan ikan, ikan karang yang langsung pergi ke pedagang"
2,"Cukup menikmati berjalan di sini, pasar ikan yang menarik dengan banyak ikan dan kerang ditawarkan. Juga Bugis Di Pelabuhan kapal kayu. Hanya satu keluhan, daerah dan air kotor dengan sampah di mana-mana."
3,Pelabuhan ini memiliki banyak kapal klasik di Indonesia. Sayangnya saya tidak kuda mereka. Cuaca bagus juga untuk mengambil foto.
4,"Kapal tradisional, yang dibuat oleh pengrajin lokal, menarik untuk melihat bagaimana mereka dibangun, dan bagaimana mereka membawa ikan pasar ikan di Makassar"
5,Itu adalah sedikit perjalanan untuk melihat aktivitas khas asia kecil dok. Hotel ini cukup baik untuk melihat dan orang-orang yang ramah. Mereka meminta anda untuk membuat gambar dari mereka tanpa meminta uang setelah itu. Tetapi jika anda telah melihat asia kecil kapal dan dermaga bekerja tidak banyak alasan untuk pergi di sini 
6,"Wisatawan harus membayar 20 000 rupiah untuk masuk gratis - penduduk setempat pergi gratis. Ini adalah sebuah pelabuhan yang sibuk dengan banyak nelayan di sekitar... membuat yang baik untuk foto op. Namun, tidak ada banyak yang harus dilakukan ada selain menemukan pemilik perahu menyewa jika anda ingin untuk pulau hop. Anda harus menawar, anda bisa melakukan penelitian tentang bagaimana banyak itu akan biaya. Karena aturan padat, perjalanan ke pulau Samalona seharusnya tentang Rp. 400 000 untuk sepanjang hari, untuk seluruh kapal. (max 6 - 8) pacar saya dan saya berbagi satu, yang masih berakhir dengan penetapan harga kepada kami yang hanya $20 masing-masing untuk menyewa perahu pribadi. :) Biaya rp 800 000 untuk pergi ke keke & Samalona Kodingareng pulau. Kami ingin pergi ke pulau Lanyukan, tapi juga sinar matahari pada hari berikutnya untuk melakukannya. Itu harus biaya sekitar Rp. 1.2mil. Karena ada tidak banyak wisatawan di sana, mereka akan mencoba keberuntungan untuk biaya harga yang lebih tinggi, tapi karena saya dapat berbicara bahasa. Saya berhasil mendapatkan harga turun ke biasa. Ini akan membantu jika anda belajar sedikit bahasa standar, jika hanya untuk membangun beberapa hubungan. "
7,"saat berkunjung ke pelabuhan ini adalah di pagi hari di mana anda akan menemukan para nelayan yang baru saja kembali dari memancing, anda juga bisa membeli ikan karena mereka juga mulai menjual ikan... "
8,"10,000 Rp biaya masuk. Kapal-kapal kayu yang indah dan para pekerja yang ramah dan melambaikan tangan ke kami. Jika anda menghargai perahu kuno yang anda akan seperti itu di sini. Jam adalah cukup waktu untuk melihat semua kapal. Sayangnya ada banyak sampah di air dan di jalur plombiran juga."
9,"Setelah membaca begitu banyak tentang Paotere memperlindungkan. Aku memutuskan untuk membayar kunjungan. Aku terkejut ada biaya untuk mengunjungi sebuah pintu masuk pelabuhan. Ketika aku bertanya tentang biaya untuk panduan, mereka tidak memiliki harga yang spesifik. Kemudian saya melihat sebagian besar orang pergi ke dalam daftar dan bertanya mengapa aku harus membayar mahal? Mereka tidak menjawab saya begitu aku berjalan di."
0,"Ini adalah di mana tradisional Bugis pindisi kapal dan lain lebih kecil kapal Dok. Ini sangat berwarna-warni, dengan pemuatan bongkar muat dilakukan dengan cara manual oleh banyak orang. Kapal kecil ini bringcargo ke dan dari berbagai pulau kecil dari Kepulauan Indonesia. Anda dapat dengan mudah menghabiskan beberapa jam di sini, menonton pekerjaan pergi dan memiliki chatting dengan orang-orang di sana. Ini memberi Anda sekilas ke dunia Anda tidak juga sangat fotogenik! Anda membayar beberapa rupiah untuk memasukkan"
